{"cameraMode":{"drawMode":0,"name":"Shaded","section":"Shading Mode"},"sceneLighting":true,"audioPlay":false,"sceneViewState":{"m_AlwaysRefresh":false,"showFog":true,"showSkybox":true,"showFlares":true,"showImageEffects":true,"showParticleSystems":true,"showVisualEffectGraphs":true,"m_FxEnabled":true},"in2DMode":false,"pivot":{"x":83.07516479492188,"y":86.58084106445313,"z":393.7434997558594},"rotation":{"x":-0.006464972626417875,"y":-0.9833923578262329,"z":-0.03154192864894867,"w":0.17977355420589448},"size":156.21810913085938,"orthographic":false}