{"cameraMode":{"drawMode":0,"name":"Shaded","section":"Shading Mode"},"sceneLighting":true,"audioPlay":false,"sceneViewState":{"m_AlwaysRefresh":false,"showFog":true,"showSkybox":true,"showFlares":true,"showImageEffects":true,"showParticleSystems":true,"showVisualEffectGraphs":true,"m_FxEnabled":true},"in2DMode":false,"pivot":{"x":109.35626220703125,"y":53.20092010498047,"z":954.390380859375},"rotation":{"x":-0.00018174256547354162,"y":-0.29092442989349368,"z":-0.000055486492783529684,"w":0.9569219946861267},"size":315.9843444824219,"orthographic":false}